rank,id,name,number_colors,number_pieces
*1 —*,4073,"1×1 Plate, Round",51,45016
*2 —*,3023,1×2 Plate,53,41375
*3 —*,98138,"1×1 Tile, Round",60,37618
*4 —*,3024,1×1 Plate,48,31875
*5 —*,2780,Technic Pin with Friction Ridges Lengthwise and Center Slots,1,23907
*6 —*,54200,1×1 Slope 30° (Cheese),52,17090
*7 —*,3069b,1×2 Tile,50,16645
*8 —*,3710,1×4 Plate,39,16377
*9 (+5)*,25269,Tile Round 1 x 1 Quarter,48,16046
*10 (+3)*,3070b,1×1 Tile,46,15001
*11 (-2)*,3004,1×2 Brick,43,14548
*12 (-2)*,3005,1×1 Brick,51,14010
*13 (-2)*,3020,2×4 Plate,40,13324
*14 (-2)*,3022,2×2 Plate,33,12427
*15 —*,15573,1×2 Jumper,39,10422
*16 —*,6558,"Technic Pin Long with Friction Ridges Lengthwise, 1 Center Slot",1,10003
*17 (+1)*,3623,1×3 Plate,35,9954
*18 (-1)*,3021,2×3 Plate,32,9893
*19 (+1)*,3666,1×6 Plate,35,9570
*20 (+4)*,85984,1×2 Slope 30° (Double Cheese),37,8425
*21 (+6)*,85861,"1×1 Plate, Round w/ hole",19,8366
*22 —*,3010,1×4 Brick,39,8358
*23 (-2)*,2431,1×4 Tile,45,8357
*24 (-5)*,2412,Tile Special 1 x 2 Grille without Bottom Groove,22,8327
*25 (-2)*,11477,2×1 Curved,41,8203
*26 (-1)*,2420,"2×2 Plate, Corner",25,8059
*27 (+1)*,15068,2×2 Curved,39,7419
*28 (+9)*,24866,"Plant, Flower, Plate Round 1 x 1 with 5 Petals",19,7175
*29 —*,3001,2×4 Brick,31,6925
*30 —*,3003,2×2 Brick,37,6778
*31 —*,3062b,Brick Round 1 x 1 Open Stud,38,6700
*32 (+2)*,3068b,2×2 Tile,39,6666
*33 (-1)*,87079,2×4 Tile,40,6626
*34 (-1)*,3795,2×6 Plate,35,6470
*35 (-9)*,4274,Technic Pin 1/2,3,6354
*36 —*,4032,"2×2 Plate, Round w/ Axle",29,5595
*37 (+2)*,6636,1×6 Tile,31,5565
*38 (-3)*,43093,Technic Axle Pin with Friction Ridges Lengthwise,1,5456
*39 (+4)*,3622,1×3 Brick,30,5376
*40 (-2)*,87580,2×2 Jumper,40,5284
*41 (+1)*,63864,1×3 Tile,35,5187
*42 (-2)*,3040,2×1 Slope 45°,35,4960
*43 (+2)*,3460,1×8 Plate,31,4755
*44 (-3)*,15712,"1×1 Clip, Top",20,4741
*45 (-1)*,87087,"1×1 Brick, Stud 1-side",32,4651
*46 (+15)*,35480,Plate Special 1 x 2 Rounded with 2 Open Studs,20,4619
*47 (+1)*,99780,"1×2 Bracket, Inverted",22,4475
*48 (-2)*,32062,Technic Axle 2 Notched,2,4347
*49 (+1)*,99207,"2×2 Bracket, Inverted",18,4298
*50 (-1)*,3941,"2×2 Brick, Round w/ Axle",34,4193
*51 (-4)*,4070,"1×1 Brick, Headlight",21,4171
*52 (+2)*,22885,"1×2×1⅔ Brick, 4 Studs 1-side",14,4106
*53 (-1)*,3009,1×6 Brick,29,3938
*54 (+3)*,11211,"1×2 Brick, 2 Studs 1-side",25,3880
*55 (-4)*,32028,1×2 Plate w/ Door Rail,23,3845
*56 (-3)*,4589,1×1 Cone,38,3816
*57 (-2)*,6091,1×2×1⅔ Curved,33,3792
*58 (+13)*,20482,Tile Round 1 x 1 with Hollow Bar,18,3782
*59 (+21)*,33909,Plate Special 2 x 2 with Only 2 studs,20,3709
*60 (-2)*,4162,1×8 Tile,27,3663
*61 (-5)*,2357,"2×2 Brick, Corner",22,3636
*62 (+2)*,98283,"1×2 Brick, Masonry",12,3629
*63 (+3)*,4085,Plate Special 1 x 1 with Clip Vertical [Thin Open O Clip],17,3614
*64 (-1)*,99206,Plate Special 2 x 2 x 0.667 with Two Studs On Side and Two Raised,20,3576
*65 (-6)*,3034,2×8 Plate,32,3497
*66 (-6)*,2877,Brick Special 1 x 2 with Grill,12,3402
*67 (+18)*,99563,Tile Special 1 x 2 with Sloped Walls AKA Money / Gold Bar [Ingot],20,3399
*68 (-3)*,44728,2×2 Bracket,20,3263
*69 (+13)*,32952,Brick Special 1 x 1 x 1 2/3 with Studs on 1 Side,18,3242
*70 (-2)*,30136,"1×2 Brick, Log (Palisade)",14,3210
*71 (+1)*,3660,"2×2 Slope 45°, Inverted",30,3194
*72 (-3)*,41740,Plate Special 1 x 4 with 2 Studs with Groove [New Underside],28,3182
*73 (-11)*,32123,Technic Bush 1/2 Smooth with Axle Hole Semi-Reduced,3,3168
*74 (+1)*,92280,"1×2 Plate w/ Clip, Top",10,2951
*75 (+2)*,3665,"2×1 Slope 45°, Inverted",34,2910
*76 —*,18654,Technic Pin Connector Round 1L [Beam],18,2906
*77 (-7)*,3700,"1×2 Technic Brick, 1 Hole",17,2902
*78 (+24)*,27925,"Tile 2 x 2 Curved, Macaroni",37,2850
*79 (-6)*,3039,2×2 Slope 45°,34,2794
*80 (-13)*,32054,"Technic Pin Long with Friction Ridges Lengthwise and Stop Bush [3 Lateral 
Holes, Big Pin Hole]",7,2790
*81 (-7)*,2654,"2×2 Round, Boat Stud",29,2789
*82 (-3)*,4519,Technic Axle 3,2,2746
*83 (-2)*,92946,Slope 45┬░ 2 x 1 with 2/3 Cutout [New Version],23,2729
*84 (+15)*,24246,Tile Round 1 x 1 Half Circle,35,2692
*85 (+16)*,26603,2×3 Tile,25,2664
*86 —*,99781,Bracket 1 x 2 – 1 x 2,19,2662
*87 (-9)*,59443,Technic Axle Connector,13,2577
*88 (+12)*,26601,Wedge Plate 2 x 2 Cut Corner,27,2478
*89 (+1)*,93273,"4×1 Curved, Double",31,2474
*90 (-6)*,60478,"1×2 Plate w/ Handle, End",21,2473
*91 (+21)*,32607,"Plant, Plate 1 x 1 Round with 3 Leaves",15,2454
*92 (-9)*,63868,"1×2 Plate w/ Clip End, Horizontal",18,2451
*93 (-4)*,4477,1×10 Plate,21,2416
*94 (-3)*,3245c,Brick 1 x 2 x 2 with Inside Stud Holder,19,2286
*95 (-3)*,11214,Technic Axle Pin 3L with Friction Ridges Lengthwise and 1L Axle,2,2265
*96 (-8)*,48336,"1×2 Plate w/ Handle, Side",13,2237
*97 (-4)*,61252,Plate Special 1 x 1 with Clip Horizontal [Thick U Clip],20,2232
*98 (-11)*,3713,Technic Bush,3,2189
*99 (-5)*,3031,Plate 4 x 4,24,2182
*100 (-2)*,87994,Bar 3L,10,2170
*101 (+27)*,49307,"Brick Curved 1 x 1 x 2/3 Double Curved Top, No Studs",22,2170
*102 (-7)*,50950,3×1 Curved,30,2146
*103 (-7)*,24201,Slope Curved 2 x 1 Inverted,24,2137
*104 (+5)*,18674,Plate Special Round 2 x 2 with Center Stud (Jumper Plate),19,2128
*105 (+22)*,28192,Slope 45┬░ 2 x 1 with 2/3 Inverted Cutout and no stud,23,2108
*106 (-1)*,30414,Brick Special 1 x 4 with 4 Studs on One Side,14,2091
*107 (-1)*,3002,2×3 Brick,19,2070
*108 (+7)*,26047,Plate Special 1 x 1 Rounded with Handle,10,2069
*109 (-12)*,32064,"1×2 Technic Brick, 1 Axle Hole",16,2051
*110 (+32)*,34103,Plate Special 1 x 3 with 2 Studs with Groove and Inside Stud Holder (Jumper),21,1989
*111 (-4)*,61409,Slope 18┬░ 2 x 1 x 2/3 with 4 Slots,20,1913
*112 (+42)*,32828,Plate Round 1 x 1 with Hollow Stud and Horizontal Bar 1L,13,1899
*113 (-9)*,6541,Technic Brick 1 x 1 with Hole,19,1874
*114 (-4)*,3032,Plate 4 x 6,26,1867
*115 (-12)*,3673,Technic Pin without Friction Ridges Lengthwise,2,1840
*116 (+20)*,3008,1×8 Brick,18,1834
*117 (-6)*,48729,Bar 1L with Clip [Cut Edges and One Side Hole],6,1802
*118 (-5)*,32523,Technic Beam 1 x 3 Thick,18,1773
*119 (+37)*,36840,Bracket 1 x 1 – 1 x 1 Inverted,15,1767
*120 (-12)*,62462,Technic Pin Connector Round [Slotted],21,1764
*121 (-2)*,11476,Plate Special 1 x 2 with Clip Horizontal on Side,22,1741
*122 (+44)*,32803,Slope Curved 2 x 2 Inverted,16,1716
*123 (-3)*,30374,Bar 4L (Lightsaber Blade / Wand),22,1711
*124 (+1)*,60483,Technic Beam 1 x 2 Thick with Pin Hole and Axle Hole,14,1710
*125 (+6)*,60592,Window 1 x 2 x 2 Flat Front,18,1693
*126 (-8)*,15100,Technic Pin Connector Hub with 1 Pin with Friction Ridges Lengthwise,9,1678
*127 (-13)*,32316,Technic Beam 1 x 5 Thick,21,1672
*128 (-2)*,14769,"2×2 Tile, Round",28,1664
*129 (-12)*,2540,Plate Special 1 x 2 Side Handle [Free Ends],14,1649
*130 (-8)*,3832,2×10 Plate,16,1635
*131 (-15)*,32140,Technic Beam 2 x 4 L-Shape Thick,18,1635
*132 (+81)*,23443,Bar Holder with Hole and Bar Handle,10,1621
*133 —*,11090,Bar Holder with Clip,17,1621
*134 (+43)*,29120,Slope Curved 2 x 1 with Stud Notch Left,28,1620
*135 (-12)*,32000,Technic Brick 1 x 2 [2 Holes],10,1611
*136 (+4)*,60479,1×12 Plate,15,1587
*137 (+9)*,14719,"2×2 Tile, Corner",20,1583
*138 (-6)*,32524,Technic Beam 1 x 7 Thick,20,1579
*139 (-15)*,6536,Technic Axle and Pin Connector Perpendicular,14,1573
*140 (+4)*,11212,Plate 3 x 3,13,1572
*141 —*,2456,2×6 Brick,20,1557
*142 (-12)*,4286,Slope 33┬░ 3 x 1,27,1556
*143 (-22)*,61678,Slope Curved 4 x 1 No Studs [Stud Holder with Symmetric Ridges],28,1548
*144 (+24)*,27263,Tile Special 2 x 2 Corner with Cut Corner – Facet,20,1513
*145 (+38)*,29119,Slope Curved 2 x 1 with Stud Notch Right,27,1510
*146 (-17)*,4865,Panel 1 x 2 x 1 [Square Corners],23,1503
*147 (-12)*,60470,Plate Special 1 x 2 with Clips Horizontal [Open O Clips],11,1488
*148 (-14)*,18677,Plate Special 1 x 2 with Pin Hole,7,1470
*149 (-1)*,41677,Technic Beam 1 x 2 Thin,10,1466
*150 (+3)*,2429c01,Hinge Plate 1 x 4 Swivel Top / Base – Hollow Clip [Complete Assembly],15,1432
*151 (-14)*,4740,2×2 Dish,31,1417
*152 (+9)*,60601,Glass for Window 1 x 2 x 2 Flat,10,1416
*153 (-15)*,32526,Technic Beam 3 x 5 L-Shape Thick,18,1405
*154 (+61)*,36841,Bracket 1 x 1 – 1 x 1,18,1400
*155 (-12)*,18651,Technic Axle Pin 3L with Friction Ridges Lengthwise and 2L Axle,1,1373
*156 (-11)*,42003,Technic Axle and Pin Connector Perpendicular 3L with 2 Pin Holes,10,1367
*157 (-6)*,30241,"Brick Special 1 x 1 with Clip Vertical [Open O Clip, Hollow Stud]",11,1365
*158 (-11)*,87552,Panel 1 x 2 x 2 [Solid Studs],15,1364
*159 (-9)*,53451,"Animal Body Part, Barb / Claw / Tooth / Talon / Horn, Small",14,1355
*160 (-11)*,85080,Brick Round Corner 2 x 2 Macaroni with Stud Notch,29,1350
*161 (-1)*,60474,Plate Round 4 x 4 with Pin Hole,21,1325
*162 (-10)*,32013,Technic Axle and Pin Connector Angled #1,14,1318
*163 —*,26604,Brick Special 1 x 1 with Studs on 2 Adjacent Sides,9,1304
*164 (-25)*,11458,Plate Special 1 x 2 with Pin Hole on Top,18,1295
*165 —*,3937,Hinge Brick 1 x 2 Base,16,1279
*166 (+98)*,35787,Tile 45┬░ Cut 2 x 2,21,1273
*167 (-12)*,60481,Slope 65┬░ 2 x 1 x 2,26,1270
*168 (-11)*,3705,Technic Axle 4,2,1267
*169 (+3)*,2450,Wedge Plate 3 x 3 Cut Corner,18,1266
*170 (+146)*,37762,Equipment Candle Stick,10,1254
*171 (-2)*,32073,Technic Axle 5,2,1246
*172 (+17)*,14716,Brick 1 x 1 x 3,16,1228
*173 (-14)*,15535,Tile Round 2 x 2 with Hole,13,1224
*174 (-12)*,2454,"Brick 1 x 2 x 5 with Blocked Open Studs and Bottom Stud Holder with 
Asymmetric Ridges",21,1222
*175 (+4)*,3035,Plate 4 x 8,22,1221
*176 (-5)*,3701,Technic Brick 1 x 4 [3 Holes],13,1207
*177 (-7)*,64644,Equipment Telescope / Torch / Spyglass,10,1197
*178 (+43)*,37352,Brick Curved 1 x 2 x 1 No Studs,31,1192
*179 (+2)*,2436,Bracket 1 x 2 – 1 x 4 [Rounded Corners],12,1184
*180 (-4)*,2445,2×12 Plate,21,1162
*181 (-14)*,64567,Weapon Lightsaber Hilt without Bottom Ring,10,1161
*182 (+24)*,6005,Brick Arch 1 x 3 x 2 Curved Top,23,1158
*183 (+1)*,22388,Slope 45┬░ 1 x 1 x 2/3 Quadruple Convex [Pyramid],19,1146
*184 (+1)*,14704,Plate Special 1 x 2 5.9mm Centre Side Cup,2,1139
*185 (-27)*,3749,Technic Axle Pin without Friction Ridges Lengthwise,1,1132
*186 (+16)*,11203,Tile Special 2 x 2 Inverted,17,1128
*187 (-1)*,43722,Wedge Plate 3 x 2 Right,24,1128
*188 (-10)*,63965,Bar 6L with Stop Ring,11,1116
*189 (-15)*,40490,Technic Beam 1 x 9 Thick,14,1107
*190 (-10)*,3065,Brick 1 x 2 without Bottom Tube,13,1099
*191 (-3)*,43723,Wedge Plate 3 x 2 Left,25,1098
*192 (-2)*,24309,Slope Curved 3 x 2 No Studs,13,1093
*193 —*,22385,Tile Special 2 x 3 Pentagonal,31,1089
*194 (+15)*,4282,2×16 Plate,16,1062
*195 (-20)*,3958,Plate 6 x 6,30,1058
*196 (-4)*,30357,Plate Round Corner 3 x 3,29,1054
*197 (-10)*,49668,Plate Special 1 x 1 with Tooth,17,1035
*198 (-7)*,87083,Technic Axle 4 with Stop,1,1032
*199 (-26)*,4599b,Tap 1 x 1 with Hole in Spout,8,1022
*200 (+113)*,14696,"Technic Link, Reinforced, with Beveled Edge",3,1010
*201 (-4)*,6134,Hinge Brick 2 x 2 Top Plate Thin,8,1007
*202 (-7)*,32278,Technic Beam 1 x 15 Thick,18,1006
*203 —*,6632,Technic Beam 1 x 3 Thin,10,998
*204 (-3)*,41770,Wedge Plate 4 x 2 Left,25,989
*205 (+12)*,3037,Slope 45┬░ 2 x 4,20,977
*206 (-12)*,30413,Panel 1 x 4 x 1 with Rounded Corners [Thin Wall],18,976
*207 (-11)*,41769,Wedge Plate 4 x 2 Right,25,964
*208 (+148)*,69729,Tile 2 x 6,14,949
*209 (-11)*,2432,Tile Special 1 x 2 with Handle,14,942
*210 (-11)*,32525,Technic Beam 1 x 11 Thick,17,938
*211 (+5)*,3659,Brick Arch 1 x 4,17,931
*212 (+69)*,41682,Bracket 2 x 2 with 1 x 2 Vertical Studs,16,929
*213 (-6)*,47457,Brick Curved 2 x 2 x 2/3 Two Studs and Curved Slope End,16,925
*214 (+12)*,93274,Bracket 1 x 2 – 2 x 4,11,925
*215 (+27)*,27507,"Tile 4 x 4 Curved, Macaroni",32,923
*216 (-11)*,24316,Technic Axle 3 with Stop,1,913
*217 (+15)*,3036,Plate 6 x 8,22,906
*218 (+34)*,24299,Wedge Plate 2 x 2 Left,19,885
*219 (-8)*,15070,Plate Special 1 x 1 with Vertical Tooth,15,881
*220 (-8)*,32184,Technic Axle and Pin Connector Perpendicular 3L with Centre Pin Hole,7,877
*221 (-13)*,6628,Technic Pin with Friction Ridges Lengthwise and Towball,2,867
*222 (+8)*,87620,Wedge 2 x 2 Facet,16,863
*223 (-41)*,88323,"Technic Link Tread Wide with Two Pin Holes, Reinforced",2,860
*224 (+16)*,93606,Slope Curved 4 x 2 No Studs,19,858
*225 (-6)*,4460,Slope 75┬░ 2 x 1 x 3 with Open Stud,18,856
*226 (+21)*,24307,Wedge Plate 2 x 2 Right,19,851
*227 (+2)*,14417,Plate Special 1 x 2 with 5.9mm Centre Side Towball,1,850
*228 (-18)*,88072,Plate Special 1 x 2 with Arm Up [Horizontal Arm 6mm],11,842
*229 (-9)*,30565,Plate Round Corner 4 x 4,29,842
*230 (-2)*,18653,Brick Arch 1 x 3 x 2 Inverted [Inside Bow],23,839
*231 (+5)*,44865,Brick Special 1 x 2 with Pin,7,834
*232 (+39)*,3007,2×8 Brick,11,830
*233 (-11)*,3176,Plate Special 3 x 2 with Hole,17,827
*234 (-34)*,4081,Plate Special 1 x 1 with Clip Light [Thin Ring],13,823
*235 —*,2423,"Plant, Leaves 4 x 3",11,814
*236 (+2)*,22961,Technic Pin Connector Hub with 1 Axle,10,813
*237 (+26)*,30153,Rock 1 x 1 Jewel 24 Facet,10,811
*238 (-34)*,10247,Plate Special 2 x 2 with 1 Pin Hole [Complete Underside Rib],7,808
*239 (-16)*,3298,Slope 33┬░ 3 x 2,19,804
*240 (-15)*,32556,Technic Pin Long without Friction Ridges,1,802
*241 (-7)*,54657,"Hinge Plate 1 x 2 Locking with 2 Fingers On End, with Groove",6,774
*242 (+45)*,20310,Brick Special 1 x 1 with Scroll with Open Stud,8,770
*243 (-12)*,3747b,Slope Inverted 33┬░ 3 x 2 [No Connections between Studs],15,766
*244 (-1)*,33183,"Plant, Carrot Top",5,762
*245 (-27)*,51739,Wedge Plate 2 x 4,20,761
*246 (-19)*,298c02,Lever Small Base with Black Lever,6,758
*247 (+33)*,26287,Technic Driving Ring Connector Smooth [4 rounded side walls],7,757
*248 (+251)*,73825,Bracket 1 x 1 – 1 x 2 Inverted,11,756
*249 (-8)*,60596,Door Frame 1 x 4 x 6 Type 2,20,753
*250 (-17)*,32034,Technic Axle and Pin Connector Angled #2 – 180┬░,10,748
*251 (+7)*,3957,Antenna 1 x 4 with Rounded Top,12,748
*252 (+33)*,2465,1×16 Brick,14,738
*253 (-14)*,32039,Technic Axle Connector with Axle Hole,8,733
*254 (+2)*,14418,Plate Special 1 x 2 5.9mm End Cup,1,716
*255 (-10)*,15470,Plate Round 1 x 1 Swirled Top,6,712
*256 (+112)*,35464,Slope Double 45┬░ 1 x 1,8,706
*257 (-20)*,2453,Brick 1 x 1 x 5 with Blocked Open or Hollow Stud,21,704
*258 (+45)*,32016,Technic Axle and Pin Connector Angled #3 – 157.5┬░,11,699
*259 (+40)*,13547,Slope Curved 4 x 1 Inverted,20,694
*260 (+5)*,13965,Brick Arch 1 x 3 x 3 [Gothic],16,688
*261 (-12)*,92947,Brick Round 2 x 2 [Grill],10,684
*262 (+7)*,11478,Technic Beam 1 x 5 Thin with Axle Holes on Ends,6,683
*263 (-17)*,32002,Technic Pin 3/4,2,674
*264 (-20)*,88646,Plate Special 3 x 4 with 1 x 4 Center Studs [Plain],6,667
*265 (+13)*,6112,1×12 Brick,13,663
*266 (+17)*,3033,Plate 6 x 10,21,660
*267 (-7)*,41239,Technic Beam 1 x 13 Thick,15,659
*268 (-11)*,23969,Panel 1 x 2 x 1 with Rounded Corners and 2 Sides,14,653
*269 (+29)*,6111,1×10 Brick,12,652
*270 (-16)*,4733,Brick Special 1 x 1 Studs on 4 Sides,9,651
*271 (+13)*,3678,Slope 65┬░ 2 x 2 x 2 with Bottom Tube,18,644
*272 (-22)*,87544,Panel 1 x 2 x 3 – Solid Studs,13,644
*273 (+3)*,63869,Technic Axle and Pin Connector Perpendicular Triple,6,642
*274 (-12)*,60484,Technic Beam 3 x 3 T-Shape Thick,8,639
*275 (-51)*,6231,Panel 1 x 1 x 1 Corner,15,638
*276 (-62)*,15392,"Launcher Trigger, Weapon Gun Trigger",2,635
*277 (-26)*,4490,Brick Arch 1 x 3,11,635
*278 (-23)*,48092,Brick Round Corner 4 x 4 Macaroni Wide with 3 Studs,25,634
*279 (+22)*,18980,Plate Round Corner 2 x 6 Double,25,629
*280 (-32)*,60477,Slope 18┬░ 4 x 1,14,629
*281 (+43)*,32606,"Plant, Flower, Minifig Accessory with 7 Thick Petals and Pin",4,615
*282 (-21)*,6014b,Wheel 11 x 12 with Hole Notched for Wheels Holder Pin,7,612
*283 (-13)*,3030,Plate 4 x 10,16,612
*284 (-17)*,21459,Weapon Sword / Katana / Shamshir with Capped Pommel [Square Guard],11,611
*285 (-26)*,30503,Wedge Plate 4 x 4 Cut Corner,12,606
*286 (-18)*,44294,Technic Axle 7,2,605
*287 (+6)*,55981,"Wheel 18 x 14 with Pin Hole, Fake Bolts and Shallow Spokes",9,605
*288 (-22)*,3706,Technic Axle 6,2,603
*289 (+15)*,4287,Slope Inverted 34┬░ 3 x 1 without Internal Stopper,14,602
*290 (+15)*,88292,Brick Arch 1 x 3 x 2,14,601
*291 (-12)*,11215,Bracket 5 x 2 x 1 1/3,10,598
*292 (-6)*,73562,Bracket 3 x 2 x 1 1/3 with Pin Bottom,8,598
*293 (+1)*,60581,Panel 1 x 4 x 3 [Side Supports / Hollow Studs],14,597
*294 (+17)*,3029,Plate 4 x 12,15,593
*295 (+1)*,32124,"Technic Plate 1 x 5 with Smooth Ends, 4 Studs and Centre Axle Hole",7,592
*296 (-14)*,87747,"Animal Body Part, Barb / Claw / Tooth / Talon / Horn, Medium",12,588
*297 (-8)*,15571,Slope 45┬░ 2 x 1 Triple with Inside Stud Holder,17,587
*298 (+4)*,25214,"Brick Round 1 x 1 diameter Tube with 90 Degree Elbow (2 x 2 x 1) and Axle 
Holes (Crossholes) at each end",10,587
*299 (+37)*,36752a,Equipment Wand [Individual],8,585
*300 (+23)*,2417,"Plant, Leaves 6 x 5",15,582
*301 (-13)*,4624,Wheel 8 x 6 with Slot,4,579
*302 (+16)*,11253,Sports Roller Skate,8,579
*303 (+48)*,13548,Wedge Sloped 45┬░ 2 x 2 Corner,13,574
*304 (+5)*,96874,Brick and Axle Separator v2.0,2,566
*305 (+1)*,30237,Brick Special 1 x 2 with Vertical Clip [Open O Clip],12,565
*306 (-9)*,3709,Technic Plate 2 x 4 [3 Holes],7,565
*307 (+15)*,3045,Slope 45┬░ 2 x 2 Double Convex,18,559
*308 (+661)*,78258,Bar 2L with Stop in Center,4,557
*309 (-9)*,44301,"Hinge Plate 1 x 2 Locking with 1 Finger On End, with Groove",7,555
*310 (-35)*,553,Brick Round 2 x 2 Dome Top – Blocked Open Stud without Bottom Axle Holder,25,554
*311 (-1)*,32449,Technic Beam 1 x 4 Thin,8,553
*312 (-40)*,2449,Slope Inverted 75┬░ 2 x 1 x 3,20,552
*313 (-60)*,15379,Technic Link Tread with Beveled Edge,2,551
*314 (+17)*,88930,"Slope Brick Curved 2 x 4 x 2/3 No Studs, with Bottom Tubes",17,551
*315 (+6)*,4079b,Seat / Chair 2 x 2 with Center Sprue Mark,13,550
*316 (-39)*,54383,Wedge Plate 6 x 3 Right,15,546
*317 (+15)*,58176,Light Cover with Internal Bar / Bionicle Barraki Eye,12,546
*318 (-23)*,6589,Technic Gear 12 Tooth Bevel,1,545
*319 (-7)*,14395,"Brick Arch 1 x 5 x 4 [Continuous Bow, Raised Underside Cross Supports]",12,545
*320 (+5)*,91988,2×14 Plate,13,544
*321 (+58)*,15533,Brick Special 1 x 4 with Masonry Brick Profile,7,540
*322 (-15)*,92950,Brick Arch 1 x 6 Raised Arch,13,538
*323 (-3)*,22888,Plate Round Corner 4 x 8 Double,25,536
*324 (+203)*,73230,Technic Brick 1 x 1 with Axle Hole,7,532
*325 (-51)*,32270,Technic Gear 12 Tooth Double Bevel,1,531
*326 (-53)*,6179,Plate Special 4 x 4 with Studs on One Edge [Plain],16,529
*327 (-37)*,3894,Technic Brick 1 x 6 [5 Holes],7,528
*328 (-36)*,15462,Technic Axle 5 with Stop,1,525
*329 (-10)*,3684c,Slope 75┬░ 2 x 2 x 3 [Hollow Studs],16,518
*330 (+7)*,60593,Window 1 x 2 x 3 Flat Front,13,506
*331 (+11)*,6003,Plate Round Corner 6 x 6,21,503
*332 (-41)*,54384,Wedge Plate 6 x 3 Left,14,501
*333 (-7)*,4510,Plate Special 1 x 8 with Door Rail,11,499
*334 (-6)*,52107,Brick Special 1 x 2 with Studs on 2 Sides,12,495
*335 (+49)*,37775,Wave / Flame Small with Pin,3,492
*336 (+2)*,59349,Panel 1 x 6 x 5,26,491
*337 (-29)*,3702,Technic Brick 1 x 8 [7 Holes],7,489
*338 (-9)*,4697b,Pneumatic T-Piece (T Bar) [New Style],4,488
*339 (-22)*,87697,Tyre 21 x 12 with Offset Tread Small Wide and Center Band,1,487
*340 (+220)*,70681,"Brick Curved, 3 x 1 with 1/3 Inverted Cutout",16,477
*341 (-26)*,47905,Brick Special 1 x 1 with Studs on 2 Sides,10,464
*342 (+6)*,43888,Support 1 x 1 x 6 Solid Pillar,11,462
*343 (-9)*,15208,Plate Special 1 x 2 with Three Teeth [Tri-Tooth],8,447
*344 (+5)*,43898,Dish 3 x 3 Inverted [Radar],22,445
*345 (+1)*,43857,Technic Beam 1 x 2 Thick,9,442
*346 (-11)*,64647,Headwear Accessory Plume / Feather / Flame Triple Point,12,440
*347 (-17)*,18649,Plate Special 1 x 2 with Handles on Ends,7,439
*348 (+2)*,2476,Plate Special 2 x 2 with Pin on Bottom,4,437
*349 (-16)*,3703,Technic Brick 1 x 16 [15 Holes],9,435
*350 (+258)*,65509,Plate Special 2 x 4 with Groove and Two Center Studs (Jumper),10,434
*351 (-11)*,3829c01,Steering Stand 1 x 2 with Black Steering Wheel,6,432
*352 (+43)*,24855,"Plant, Flower Stem with Bottom Pin",3,431
*353 (+32)*,11609,Star with Stud Holder,4,430
*354 (-27)*,6232,Brick Special 2 x 2 with Pin and No Axle Hole,7,427
*355 (-12)*,4216,Brick Special 1 x 2 with Groove,11,427
*356 (-17)*,87082,"Technic Pin Connector Hub with 2 Pins with Friction Ridges Lengthwise 
[Small Squared Pin Holes]",4,421
*357 (-2)*,98100,Brick Round 2 x 2 Truncated Cone,10,421
*358 (+41)*,30350b,Tile Special 2 x 3 with 2 Clips [Thick Open O Clips],21,420
*359 (+8)*,11213,Plate Round 6 x 6 with Hole,16,419
*360 (+43)*,60602,Glass for Window 1 x 2 x 3 Flat Front,5,417
*361 (+59)*,27261,Plate Special 2 x 3 with Rocks,9,412
*362 (+27)*,4871,Slope Inverted 45┬░ 4 x 2 Double,12,412
*363 (+19)*,17485,Brick Round 2 x 2 with Pin Holes,10,411
*364 (-6)*,15706,Plate Special 4 Stud 45┬░ Angle Plate,8,410
*365 (-3)*,41539,Plate 8 x 8,24,409
*366 (-12)*,3028,Plate 6 x 12,19,409
*367 (-4)*,11833,Plate Round 4 x 4 with 2 x 2 Hole,14,402
*368 (-7)*,60594,Window 1 x 4 x 3 without Shutter Tabs,12,400
*369 (+31)*,92438,Plate 8 x 16,26,396
*370 (+18)*,4185,Technic Wedge Belt Wheel [aka Pulley],12,395
*371 (-11)*,32192,Technic Axle and Pin Connector Angled #4 – 135┬░,9,394
*372 —*,87081,Brick Round 4 x 4 [Centre Hole],15,394
*373 (+18)*,3633,Fence 1 x 4 x 1,7,392
*374 (-15)*,3899,Equipment Cup / Mug [Plain],7,390
*375 (-18)*,30236,Brick Special 1 x 2 with Handle,6,389
*376 (-7)*,2460,Tile Special 2 x 2 with Top Pin,6,388
*377 (+28)*,32474,Technic Ball Joint,17,388
*378 (+35)*,23950,Panel 1 x 3 x 1,12,387
*379 (+35)*,3938,Hinge Brick 1 x 2 Top Plate Thin,6,385
*380 (-6)*,3839b,Plate Special 1 x 2 with Handles [Flat Ends / Low Attachment],7,384
*381 (+52)*,47456,"Wedge Curved 2 x 3 x 2/3 Two Studs, Wing End",15,378
*382 (-37)*,48989,Technic Pin Connector Hub Perpendicular 3L with 4 Pins,1,378
*383 (+96)*,37695,"Plant, Stem with 3 Leaves and Bottom Pin",3,378
*384 (-31)*,3895,Technic Brick 1 x 12 [11 Holes],9,375
*385 (-20)*,32291,Technic Axle and Pin Connector Perpendicular Double,6,375
*386 (+114)*,35044,Plate Special 4 x 4 with Curved Cutout,18,375
*387 (+28)*,18646,Plate Round Half 3 x 6 with 1 x 2 Cutout,18,373
*388 (-24)*,6587,Technic Axle 3 with Stud,4,371
*389 (-6)*,15254,Brick Arch 1 x 6 x 2 – Thin Top without Reinforced Underside [New Version],21,370
*390 (-4)*,28974,Minifig Neckwear Bracket [One Stud] – Reinforced,7,370
*391 (+3)*,2653,Brick Special 1 x 4 with Groove,7,369
*392 (-11)*,6126b,Wave / Flame Rounded with Base Rim,6,369
*393 (-52)*,50340,"Hinge Plate 1 x 2 Locking with 2 Fingers on Side, 7 Teeth",7,368
*394 (+177)*,65578,"Bar, Angled with Stud on End",6,368
*395 (+855)*,79389,Bracket 1 x 1 – 1 x 2,3,364
*396 (+15)*,32063,Technic Beam 1 x 6 Thin,7,363
*397 (-7)*,42610,Wheel 11 x 8 with Center Groove,2,362
*398 (-46)*,2921,Brick Special 1 x 1 with Handle,12,360
*399 (+17)*,22890,Plate Special 1 x 2 with End Towball,1,360
*400 (+74)*,25893,Plate Round 1 x 1 with Open Stud and Bar on Underside,6,360
*401 (+22)*,47455,Technic Rotation Joint Ball Loop with Two Perpendicular Pins with Friction,3,358
*402 (+593)*,78329,Plate 1 x 5,7,356
*403 (-7)*,2736,Technic Axle Towball,2,354
*404 (+5)*,27940,Technic Pin Connector Hub with 2 Axles,4,354
*405 (+24)*,89522,"Creature Body Part, Horn (Unicorn)",13,353
*406 (-8)*,30137,Brick Special 1 x 4 Palisade [aka Log],5,353
*407 (-3)*,30363,Slope 18┬░ 4 x 2,12,351
*408 (-42)*,15458,Technic Panel 3 x 11 x 1,12,351
*409 (+8)*,4600,Plate Special 2 x 2 with Wheel Holders,2,349
*410 (-37)*,59426,Technic Axle 5.5 with Stop [Rounded Short End],1,349
*411 (-9)*,64179,Technic Beam Frame 5 x 7 Open Center Thick,7,349
*412 (+15)*,11610,Food Ice Cream Cone,7,346
*413 (+9586)*,89678,Technic Pin 1/2 with Friction,2,345
*414 (-100)*,3680,"Turntable 2 x 2 Plate, Base",5,345
*415 (-14)*,10197,Technic Pin Connector Hub with 2 Perpendicular Axles,4,344
*416 (+6)*,3679,Turntable 2 x 2 Plate – Top,1,343
*417 (+39)*,34816,Brick Special 1 x 2 with Vertical Closed Handle on Edge,8,342
*418 (-38)*,32009,Technic Beam 1 x 11.5 Double Bent Thick,12,340
*419 (-49)*,6180,Plate Special 4 x 6 with Studs on 3 Edges,11,338
*420 (+28)*,15395,Brick Round 2 x 2 Dome Bottom [Open Stud],15,338
*421 (+132)*,67329,Brick Special 1 x 2 x 1 2/3 with 8 Studs on 3 Sides,8,337
*422 (+51)*,39739,Tile 1 x 1 Heart,9,334
*423 (-52)*,13731,Brick Curved 10 x 1 [Symmetric Inside Ridges],15,333
*424 (+2)*,75937,"Plate Special 2 x 2 with Bar Frame Octagonal, Reinforced, Completely Round 
Studs",9,333
*425 (+2121)*,86996,Plate 1 x 1 x 2/3 with Hole in Stud,9,333
*426 (-16)*,2730,Technic Brick 1 x 10 [9 Holes],4,331
*427 (-35)*,57360,"Hinge Cylinder 1 x 2 Locking with 2 Click Fingers and Axle Hole, 9 Teeth",4,330
*428 (-10)*,6081,Brick Curved 2 x 4 x 1 1/3 with Curved Top,14,330
*429 (-82)*,2817,Plate Special 2 x 2 with 2 Pin Holes,4,326
*430 (-54)*,69819,Technic Axle and Pin Connector Perpendicular Double Split,7,324
*431 (+49)*,30166,Minifig Shield Rectangular with 4 Studs,5,323
*432 (+21)*,33320,"Animal, Frog",11,323
*433 (+3)*,3942c,Cone 2 x 2 x 2 with Completely Open Stud,17,319
*434 (-26)*,6553,"Technic Axle 1.5 with Perpendicular Axle Connector (Technic Pole Reverser 
Handle)",5,318
*435 (+34)*,3297,Slope 33┬░ 3 x 4,12,316
*436 (+6)*,92013,"Technic Brick Special 2 x 2 with Ball Receptacle Wide and Axle Hole, No Arm 
Holes",8,315
*437 (-31)*,93095,Panel 1 x 2 x 1 with Rounded Corners and Central Divider,9,315
*438 (+76)*,66792,Plate Round Corners 4 x 4 x 2/3 Circle with Reduced Knobs,14,314
*439 (-42)*,30383,Hinge Plate 1 x 2 Locking with 1 Finger On Top,6,314
*440 (-96)*,15403,"Launcher, Plate Special 1 x 2 with Mini Blaster",3,313
*441 (-34)*,87609,"Plate Special 2 x 6 x 2/3. With Four Studs on Side, One Support Wall on 
Bottom",12,311
*442 (-10)*,32056,Technic Beam 3 x 3 L-Shape Thin,6,308
*443 (-56)*,92582,Hinge Plate 2 x 2 Locking with 1 Finger on Top,6,308
*444 (+27)*,30165,Brick Curved 2 x 2 with Two Top Studs,18,308
*445 (-4)*,3707,Technic Axle 8,2,307
*446 (+13)*,3830,Hinge Brick 1 x 4 [Upper],12,305
*447 (+14)*,3831,Hinge Brick 1 x 4 [Lower],12,305
*448 (-70)*,15303,"Projectile, Spring Shooter Ammunition 8L",8,305
*449 (-30)*,60476,Brick Special 1 x 1 with Clip Horizontal,5,304
*450 (-29)*,94925,Technic Gear 16 Tooth with Round Holes [Old Style],1,304
*451 (-1)*,87414,Tyre 15 x 6 Offset Tread Small,1,302
*452 (+40)*,22886,Brick 1 x 2 x 3 with Bottom Stud Holder,9,302
*453 (-9)*,57895,Glass for Window 1 x 4 x 6,8,300
*454 (-61)*,44567,"Hinge Plate 1 x 2 Locking with 1 Finger on Side, with Groove",8,300
*455 (-9)*,6106,Wedge Plate 6 x 6 Cut Corner,13,299
*456 (-26)*,14419,Plate Special 1 x 2 with 5.9mm End Cup and Towball,1,299
*457 (+272)*,24122,Large Figure Weapon Lightsaber Hilt with Axle Hole and Two Bar Holders,4,299
*458 (+159)*,35459,Tile Special 1 x 3 Inverted with Center Hole,12,298
*459 (-47)*,56145,"Wheel 30.4 x 20 without Pinholes, with Reinforced Rim",10,295
*460 (-85)*,2419,Wedge Plate 3 x 6 Cut Corners,14,295
*461 (-36)*,55013,Technic Axle 8 with Stop,1,294
*462 (+24)*,11947,"Technic Panel Fairing #22 Very Small Smooth, Side A",20,292
*463 (+7)*,33078,Food Hot Dog / Sausage,8,290
*464 (+18)*,11946,"Technic Panel Fairing #21 Very Small Smooth, Side B",19,289
*465 (-26)*,59895,Tyre 14 x 4 Smooth Small Single [New Style],1,288
*466 (-6)*,32015,Technic Axle and Pin Connector Angled #5 – 112.5┬░,9,287
*467 (-90)*,60849,Equipment Hose Nozzle / Gun with Side String Hole Simplified,5,285
*468 (-33)*,64799,Plate Special 4 x 4 with 2 x 2 Cutout,10,284
*469 (-38)*,32530,Technic Pin Connector Plate 1 x 2 x 1 2/3 [Two Holes On Top],6,279
*470 (-30)*,32014,Technic Axle and Pin Connector Angled #6 – 90┬░,7,277
*471 (-16)*,90195,Window 1 x 2 x 2 Castle,9,276
*472 (+32)*,10202,Tile 6 x 6 with Bottom Tubes,10,275
*473 (-35)*,99021,Pneumatic Hose Connector with Axle Connector,2,273
*474 (-50)*,22667,"Plant, Cherries",3,273
*475 (+16)*,15456,Plate Special 2 x 2 with Towball and Hole,2,271
*476 (+8)*,14718,Panel 1 x 4 x 2 with Side Supports – Hollow Studs,9,271
*477 (-23)*,2723,Technic Disk 3 x 3,6,271
*478 (-21)*,2496,Wheel Skateboard / Trolley,3,270
*479 (+19)*,92402,Tyre 30.4 x 14 Offset Tread [Centre Band],1,270
*480 (-31)*,50745,"Wheel Arch, Mudguard 4 x 2 1/2 x 2",12,270
*481 (+53)*,38320,Bars For Window 1 x 2 x 2,3,268
*482 (-37)*,15332,Fence Spindled 1 x 4 x 2 [4 Top Studs],11,268
*483 (+36)*,47458,"Wedge Curved 1 x 2 x 2/3 No Studs, Wing End",11,265
*484 (-7)*,32001,Technic Plate 2 x 6 [5 Holes],8,265
*485 (-10)*,32018,Technic Brick 1 x 14 [13 Holes],3,264
*486 (-22)*,30099,Brick Arch 1 x 5 x 4 Inverted,16,263
*487 (+8)*,3038,Slope 45┬░ 2 x 3,5,260
*488 (-20)*,99008,Technic Axle 4 with Centre Stop,1,259
*489 (-26)*,4488,Plate Special 2 x 2 with Wheel Holder,3,259
*490 (-62)*,61184,Technic Pin 1/2 with 2L Bar Extension,2,259
*491 (-25)*,2343,Equipment Goblet / Glass,5,259
*492 (-11)*,61485,"Turntable 4 x 4 Square Base, Locking",4,259
*493 (-17)*,85943,Technic Brick 1 x 2 with Hole and Dual Beam Extensions,2,259
*494 (+17)*,30602,"Slope Curved 2 x 2 with Lip, No Studs",19,258
*495 (+221)*,66956,Slope Curved 2 x 2 with Stud Notches,14,257
*496 (-62)*,18575,Technic Gear 20 Tooth Double Bevel with Axle Hole Type 1 [+ Opening],2,256
*497 (+15)*,6215,Brick Curved 2 x 3 with Curved Top,14,256
*498 (+72)*,39789,Brick Special 2 x 4 with 3 Axle Holes,9,255
*499 (+9500)*,79756,"Brick Curved 1 x 4 x 2/3 Double Curved Top, No Studs",5,253
*500 (+51)*,64225,Wedge Curved 4 x 3 No Studs [Plain],18,252
*501 (-16)*,60616,Door 1 x 4 x 6 Smooth with Square Handle Plinth,13,251
*502 (-50)*,11208,"Wheel 14mm D. x 9.9mm with Centre Groove, Fake Bolts and 6 Spokes",6,251
*503 (-56)*,60485,Technic Axle 9,2,251
*504 (+489)*,68013,"Brick Round, Half 1 x 2",7,250
*505 (-68)*,50951,Tyre 14 x 6 Solid Smooth,1,248
*506 (+7)*,13564,"Animal Body Part, Horn (Cattle) / Tentacle / Vine / Branch / Tongue – Long",6,248
*507 (-5)*,32348,Technic Beam 1 x 7 Bent (4 – 4) Thick,9,245
*508 (-1)*,3708,Technic Axle 12,2,245
*509 (+6)*,3738,Technic Plate 2 x 8 [7 Holes],11,244
*510 (-9)*,22484,Bar 2L with Towball,6,242
*511 (+26)*,2639,"4×4 Plate, Corner",5,241
*512 (+389)*,78256,Plate Special 1 x 2 with Clip Vertical on End,5,241
*513 (-26)*,30000,Brick Special 2 x 2 with 2 Pins and Axle Hole,5,241
*514 (-71)*,90194,Wedge Plate 3 x 4 with Stud Notches [Reinforced Underside],15,239
*515 (+52)*,50254,"Train Wheel Small, hole notched for wheels holder pin",2,237
*516 (+514)*,78666,Brick Curved 2 x 1 with Inverted Cutout,11,237
*517 (-21)*,30031,Handlebars,7,235
*518 (+17)*,22889,Slope Inverted 45┬░ 6 x 2 Double with 2 x 4 Cutout,13,233
*519 (-68)*,30162,Equipment Binoculars,6,232
*520 (-27)*,33243,Brick Curved 1 x 3 x 2,16,232
*521 (-49)*,30176,"Plant, Round 1 x 1 – 3 Bamboo Leaves",3,231
*522 (-28)*,6191,"Brick Curved 1 x 4 x 1 1/3 No Studs, Curved Top with Raised Inside Support",19,231
*523 (-13)*,40345,Technic Brick 6 x 8 with Open Center 4 x 6,3,228
*524 (+24)*,90258,Brick Special 2 x 2 with Grooves and Axle Hole,2,226
*525 (-42)*,6629,Technic Beam 1 x 9 Bent (6 – 4) Thick,9,226
*526 (+4)*,6060,Brick Arch 1 x 6 x 3 1/3 Curved Top,15,226
*527 (-65)*,10928,Technic Gear 8 Tooth [Reinforced],1,225
*528 (-7)*,18853,"Plant, Flower with Pointed Petals and Pin",3,225
*529 (+23)*,3006,2×10 Brick,9,225
*530 (-33)*,47397,Wedge Plate 12 x 3 Left,13,224
*531 (-64)*,64782,Technic Panel 5 x 11 x 1,13,223
*532 (-4)*,85975,Cone 1.17 x 1.17 x 2/3 (Fez),9,222
*533 (-68)*,30028,Tyre 14 x 9 Smooth Small Wide Slick,1,221
*534 (-56)*,47398,Wedge Plate 12 x 3 Right,13,220
*535 (+1)*,6182,Brick Arch 1 x 4 x 2,9,219
*536 (+232)*,68568,Plate Round Corner 3 x 3 with 2 x 2 Round Cutout,16,217
*537 (-20)*,46212,Brick 1 x 2 x 5 without Side Supports,8,216
*538 (-32)*,11209,Tyre 21 x 9.9,1,215
*539 (-13)*,92690,Bar 1L with Top Stud and Two Side Studs,5,215
*540 (+4)*,48171,"Technic Brick Special 2 x 2 with Pin Hole, Rotation Joint Ball Half 
[Vertical Side]",3,214
*541 (-18)*,2599,Minifig Footwear Flipper [Thick],7,214
*542 (-1)*,30145,Brick 2 x 2 x 3,7,214
*543 (+26)*,92410,Cupboard 2 x 3 x 2 with Solid Studs,12,212
*544 (+20)*,95344,Bucket 1 x 1 x 1 Handle,5,212
*545 (-20)*,53923,Hinge Cylinder 1 x 2 Locking with 1 Finger and Axle Hole On Ends,4,210
*546 (-28)*,45590,Technic Axle Connector Double Flexible [Rubber],1,209
*547 (+89)*,19119,"Plant, Flower Stem with Bar and 6 Stems",5,209
*548 (-3)*,14720,Technic Beam 3 x 5 Thick [90┬░ Offset Centre Beam Holes],4,209
*549 (-2)*,6157,Plate Special 2 x 2 with Wheels Holder Wide [Reinforced Underside Type 2],3,207
*550 (+32)*,39793,Technic Connector Beam 3 x 3,6,206
*551 (+46)*,10884,"Plant, Leaves 6 x 5 Swordleaf with Clip (thick open O clip)",6,206
*552 (-63)*,98282,"Wheel Arch, Mudguard 4 x 2 1/2 x 1",11,204
*553 (-44)*,16577,Brick Arch 1 x 8 x 2 Raised,13,203
*554 —*,28326,"Wheel Arch, Mudguard 3 x 4 with 2 x 2 Plate",11,202
*555 (-50)*,40344,Technic Brick 4 x 6 Open Center,3,202
*556 (-68)*,50304,Wedge Plate 8 x 3 Right,12,201
*557 (-17)*,3960,Dish 4 x 4 Inverted with Open Stud [Radar],21,201
*558 (-26)*,99773,Technic Beam Triangle Thin [Type II],4,200
*559 (-17)*,2462,Wedge 3 x 3 Facet,4,200
*560 (-10)*,98834,Spoiler 2 x 4 with Handle [Plain],11,199
*561 (-39)*,18041,Weapon Harpoon [Smooth Shaft],3,199
*562 (-7)*,42022,Brick Curved 6 x 1,15,197
*563 (-105)*,15461,Technic Pin Connector 3L with 2 Pins and Center Hole,2,196
*564 (-31)*,61482,Equipment Handcuffs,6,194
*565 (-75)*,74967,"Wheel 8 x 9 with Hole Notched for Wheels Holder Pin, Re-inforced Back",2,194
*566 (+10)*,28870,Ornament with Bar,9,193
*567 (-11)*,4345,Box 2 x 2 x 2 [Solid Studs],5,193
*568 (-25)*,30157,Plate Special 2 x 4 with Pins,4,192
*569 (-61)*,15400,"Launcher, Brick Special 1 x 4 Spring Shooter with Light Bluish Gray Top",1,192
*570 (+57)*,91501,Panel 2 x 2 x 1 Corner,6,191
*571 (+13)*,24375,Rubber Technic Tread Attachment,2,189
*572 (-11)*,4346,Box 2 x 2 x 2 Door with Slot,6,188
*573 (-34)*,42023,Brick Curved 6 x 1 Inverted,11,187
*574 —*,53585,Technic Ball Joint with Through Axle Hole,1,187
*575 (+14)*,57909,"Technic Brick Modified 2 x 2 with Ball and Axle Hole, with 6 Holes in Ball",3,187
*576 (+12)*,91405,Plate 16 x 16,17,186
*577 (-53)*,43719,Wedge Plate 4 x 4 with 2 x 2 Cutout,12,185
*578 (-19)*,26599,Plate Special 2 x 4 Pin Holes on Bottom Dia. 4.85,2,185
*579 —*,4590,Plate Special 1 x 4 Offset,6,185
*580 (-51)*,92907,Technic Axle and Pin Connector Perpendicular Split,5,184
*581 (+4)*,21445,"Plate Special 1 x 2 with Wheel Holder, Single Slit",2,183
*582 (+24)*,52031,Slope Curved 4 x 6 x 2/3 Triple Curved with 4 Studs,22,183
*583 (-45)*,13971,Wheel 18 x 8 with Fake Bolts and Deep Spokes with Inner Ring,3,183
*584 (-81)*,50305,Wedge Plate 8 x 3 Left,11,182
*585 (+71)*,42918,Slope Curved 8 x 2 No Studs,13,180
*586 (-28)*,93160,"Animal Body Part, Dog Bone [Short]",4,180
*587 (-25)*,92338,Chain 5 links,6,178
*588 (+85)*,53119,Plate Round 1 x 1 Swirled Top / Poo,2,178
*589 (-11)*,3737,Technic Axle 10,2,177
*590 (-18)*,15209,Tile Special 1 x 2 with Two Vertical Teeth,6,176
*591 (+22)*,6254,Food Ice Cream Scoops,7,176
*592 (-35)*,18977,Tyre 24 x 12 Low Profile,1,174
*593 (-77)*,30044,Window 1 x 2 x 2 2/3 with Rounded Top,8,173
*594 (-48)*,98585,"Large Figure Weapon, Barrel with 2 Pin Holes and 3 Axle Holes",7,172
*595 (-14)*,90540,"Bar 3L, with Handle, Stop Ring and Side Stops (Minifig Ski Pole)",5,172
*596 (-47)*,32271,Technic Beam 1 x 9 Bent (7 – 3) Thick,8,171
*597 (-14)*,25375,Tassel with 1 x 1 Round Stud,2,170
*598 (+4)*,62113,Bar 1 x 4 x 3 [End Tabs],5,170
*599 (-1)*,76766,Bracket 5 x 2 x 2 1/3,6,170
*600 (-9)*,19220,"Equipment Radio [Extended Handle, Expanded Speaker Grille]",3,169
*601 (+529)*,73109,Technic Brick Special 1 x 2 with Pin Hole and 1 x 2 Plate,2,168
*602 (-71)*,40379,"Animal Body Part / Plant, Tail / Claw / Horn / Branch / Tentacle, End 
Section",16,168
*603 (+32)*,30504,Wedge Plate 8 x 8 Cut Corner,12,168
*604 (-11)*,3743,Technic Gear Rack 1 x 4,3,166
*605 (+172)*,x346,Technic Tooth 1 x 3 with Axle Hole [Hollow Underside],14,165
*606 (+47)*,16770,"Creature Body Part, Barb Large (Claw, Talon) with Clip",7,165
*607 (+9)*,19807a,Weapon Throwing Star / Shuriken with Smooth Grips,2,165
*608 (-5)*,4006,Tool Screwdriver and Spanner / Wrench,3,164
*609 (-46)*,30562,Panel 4 x 4 x 6 Quarter Cylinder,15,164
*610 (+138)*,49311,Brick 1 x 4 x 3,12,164
*611 (-38)*,2447,Headwear Accessory Visor For Standard Helmet,6,163
*612 (+70)*,32802,Slope Inverted 45┬░ 4 x 1 Double with 1 x 2 Cutout,6,163
*613 (+8)*,88293,Brick Round Corner 3 x 3 x 2 Dome Top,16,162
*614 (+93)*,27448,Turntable 2 x 2 Female,3,162
*615 (-38)*,43045,Hinge Plate 2 x 4 with Pin Hole with 2 Holes – Top,4,160
*616 (-15)*,52501,Slope Inverted 45┬░ 6 x 1 Double with 1 x 4 Cutout,8,160
*617 (+35)*,43892,"Animal Body Part / Plant, Tail / Trunk / Tentacle / Tongue / Vine / Tree 
Branch (Short Tip)",8,159
*618 (-24)*,23948,Technic Axle 11,2,157
*619 (+48)*,38014,Equipment Cup / Teacup,1,157
*620 (-24)*,92099,Plate Special 4 x 6 with Trap Door Hinge [Long Pins],4,157
*621 (-9)*,24482,Weapon Spear Tip with Fins,6,157
*622 (+26)*,38585,Brick Special Arch 2 x 2 Corner,2,156
*623 (-36)*,11618,"Headwear Accessory Bow with Heart, Long Ribbon and Pin",5,156
*624 (-1)*,60603,Glass for Window 1 x 4 x 3 [Opening],3,156
*625 (+89)*,2569,Antenna Whip 8H,6,156
*626 (-22)*,55982,"Wheel 18 x 14 with Axle Hole, Fake Bolts and Shallow Spokes",7,155
*627 (-107)*,33299,Technic Beam 3 x 0.5 Liftarm with Boss and Pin Semi-Reduced,3,155
*628 (+41)*,15279,"Plant, Grass Stem with Bar Hole [3.2mm]",5,154
*629 (-29)*,30663,"Steering Wheel Small, 2 x 2 [Reinforced]",3,153
*630 (-25)*,60032,"Window 1 x 2 x 2 Plane, Single Hole Top and Bottom for Glass",7,153
*631 (-21)*,85941,Cylinder Half 2 x 4 x 5 with 1 x 2 cutout,10,153
*632 (-13)*,18946,Technic Gear 16 Tooth with Clutch on Both Sides,1,151
*633 (+51)*,2489,Barrel 2 x 2 x 2,7,151
*634 (+102)*,4536,Cupboard 2 x 3 Drawer,6,150
*635 (+135)*,41948,Plate 8 x 8 with Half Circle,17,150
*636 (+84)*,33172,"Plant, Carrot",4,149
*637 (+137)*,66909,Weapon Hilt Symmetric,5,149
*638 (+54)*,95347,"Support 2 x 2 x 10 Girder Triangular Vertical – Type 4 – 3 Posts, 3 Sections",10,149
*639 (+8)*,60219,Slope Inverted 45┬░ 6 x 4 Double with 4 x 4 Cutout and 3 Holes,10,148
*640 (-31)*,50861,Tyre 21 x 6 City Motorcycle,1,148
*641 (-21)*,32126,Technic Axle and Pin Connector Toggle Joint Smooth,4,148
*642 (-74)*,64648,"Animal, Fish [Anti-Stud Mouth]",5,148
*643 (-48)*,48169,"Technic Brick Special 2 x 2 with Pin Hole, Rotation Joint Socket",2,148
*644 (-45)*,61780,Container Box 2 x 2 x 2 – Top Opening,6,148
*645 (+57)*,65803,Brick Special 16 x 16 x 1 1/3 with Pinholes,4,147
*646 (-66)*,93555,Sports Ice Skate,2,147
*647 (+68)*,58090,Tyre 30.4 x 14 VR Solid,1,146
*648 (+37)*,4445,Slope 45┬░ 2 x 8,6,146
*649 (-23)*,2853,Technic Engine Crankshaft,2,146
*650 (+18)*,32072,Technic Knob Wheel,4,145
*651 (-17)*,2655,"Wheel Holder, Plate, Round 2 x 2 Thin with Clips",2,144
*652 (+1026)*,68888,"Technic Axle Connector Hub with 4 Bars at 90┬░, Reinforced Axle Hole",2,143
*653 (+140)*,65617,Brick Round Corner 3 x 3 x 1 with Bottom Cut Outs [No Studs] [1/4 Arch],14,142
*654 (-22)*,3675,Slope 33┬░ 3 x 3 Double Convex,6,142
*655 (-30)*,50862,Wheel 15 x 6 City Motorcycle,8,142
*656 (+9)*,30150,Box / Crate with Handholds,7,142
*657 (+48)*,48208,Wedge Plate 6 x 4 Left,10,142
*658 (+89)*,27965,"Zipline, 22L with 2 Connectors – Flexible",7,142
*659 (+7)*,45677,Slope Curved 4 x 4 x 2/3 Triple Curved with 2 Studs,20,141
*660 (+34)*,30046,Window 1 x 2 x 2 2/3 Pane Lattice Diamond with Rounded Top,2,141
*661 (-33)*,92738,Weapon Gun / Blaster Small (Star Wars),2,141
*662 (-51)*,3648,Technic Gear 24 Tooth [New Style with Single Axle Hole][Type 2],1,140
*663 (+406)*,71752,Plate Special 2 x 2 x 2/3 with Axle Hole and Grill on Sides (Haybale),2,139
*664 (-10)*,44568,Hinge Plate 1 x 4 Locking Dual 1 Finger,2,139
*665 (+122)*,55236,"Plant / Creature Body Part, Vine / Tail / Tentacle / Bionicle Spine, Spiky",5,139
*666 (-23)*,61254,Tyre Offset Tread 24 x 8,1,139
*667 (-4)*,4218,Garage Roller Door Section without Handle,6,138
*668 (-37)*,4349,"Equipment Weapon, Loudhailer / Blaster / Space Gun",3,137
*669 (-39)*,32555,Technic Brick 5 x 5 Right Angle (1 x 4 – 1 x 4),2,137
*670 (-15)*,2851,Technic Engine Piston Round,1,137
*671 (+38)*,48205,Wedge Plate 6 x 4 Right,10,137
*672 (+19)*,87989,Equipment Medical Syringe with 2 Holes,4,137
*673 (-81)*,4175,Plate Special 1 x 2 with Ladder,8,136
*674 (-60)*,87618,Bar 5L with Handle (Friction Ram),3,136
*675 (-14)*,24119,Technic Panel Curved 7 x 3 with 2 Pin Holes through Panel Surface,11,136
*676 (+57)*,64570,Bracket 2 x 6 – 1 x 6 Inverted,8,135
*677 (-111)*,32059,Wedge Plate 4 x 6 Cut Corners,13,135
*678 (-56)*,15397,Plate 3 x 3 Cross,5,135
*679 (-40)*,4863,Window 1 x 4 x 2 Plane,7,135
*680 (+48)*,3940b,Support 2 x 2 x 2 Stand with Reinforced Underside,4,135
*681 (-21)*,2850,Technic Engine Cylinder with Side Slots,2,135
*682 (-38)*,43710,Wedge Sloped 4 x 2 Triple Left,12,134
*683 (-26)*,3027,Plate 6 x 16,9,134
*684 (+158)*,67810,Brick Curved 2 x 2 x 1 1/3 with Curved Top – Corner,13,134
*685 (+5)*,60212,"Wheel Arch, Mudguard 2 x 4 Studded",7,133
*686 (-14)*,2852,Technic Engine Connecting Rod,1,133
*687 (-37)*,60169,Chain 16L,6,133
*688 (-113)*,15391,"Launcher, Weapon Gun / Blaster / Shooter Mini",6,132
*689 (-48)*,92409,Tyre 17.5 x 6 with Shallow Staggered Treads,1,132
*690 (-28)*,58247,Weapon Gun / Blaster Short (Star Wars),4,132
*691 (-101)*,44375,Dish 6 x 6 Inverted (Radar) with Hollow Studs,19,132
*692 (+358)*,71708,Technic Beam 2 x 3 L-Shape with Quarter Ellipse Thick,8,132
*693 (-48)*,98397,Handlebars with Angular Handles,5,131
*694 (-52)*,32932,Fence 1 x 4 x 2 Ornamental Asian Lattice with 4 Studs,5,131
*695 (+5)*,3044,Slope 45┬░ 2 x 1 Double without Bottom Pin,6,131
*696 (+163)*,66789,Plate Round Corners 6 x 6 x 2/3 Circle with Reduced Knobs,10,131
*697 (-68)*,3049,Slope 45┬░ 2 x 1 Double / Inverted with Bottom Tube,7,130
*698 (+20)*,2825,Technic Beam 1 x 4 Thin with Stud Connector,3,129
*699 (-35)*,6187,Bar 1 x 4 x 2,7,129
*700 (+99)*,40378,"Animal Body Part / Plant, Tail / Neck / Branch / Trunk, Middle Section with 
Pin",10,129
*701 (-5)*,37776,Equipment Lantern,5,129
*702 (-21)*,33085,"Plant, Banana",7,129
*703 (+34)*,95228,Equipment Bottle,3,129
*704 (-89)*,3676,Slope Inverted 45┬░ 2 x 2 Double Convex,10,128
*705 (+7)*,4528,Equipment Frying Pan,3,128
*706 (-48)*,4595,Brick Special 1 x 2 x 2/3 with Studs on Sides,4,128
*707 (+115)*,3185,Fence 1 x 4 x 2,4,127
*708 (-90)*,3046,Slope 45┬░ 2 x 2 Double Concave,5,126
*709 (+48)*,93604,Slope Curved 3 x 4 x 2/3 Triple Curved with 2 Sunk Studs,19,126
*710 (-40)*,24116,Technic Panel Curved and Bent 6 x 3,11,126
*711 (-25)*,32324,Technic Brick 4 x 4 Open Center,2,125
*712 (+167)*,64847,"Animal Body Part, Horn (Cattle)",7,124
*713 (+137)*,24946,Food Egg with 1.5mm Hole [Plain],5,124
*714 (-26)*,6020,Bar 7 x 3 with Double Clips (Ladder),7,123
*715 (+35)*,32249,Technic Beam 3 x 3 L-Shape with Quarter Ellipse Thin,7,123
*716 (-39)*,49731,Technic Pin without Friction Ridges Lengthwise and Foil Connector,1,123
*717 (-79)*,43713,Wedge Curved Inverted 6 x 4,11,122
*718 (-94)*,61903,Technic Universal Joint 3L [Complete Assembly],1,122
*719 (-45)*,30089,Equipment Camera Handheld with Right-Aligned Viewfinder,3,122
*720 (-44)*,72454,Slope Inverted 45┬░ 4 x 4 Double,6,122
*721 (+25)*,87617,Cylinder 1 x 5 1/2 with Handle (Friction Cylinder),4,122
*722 (+21)*,43056,Hinge Plate 2 x 4 with Pin Hole with 2 Holes – Bottom,4,122
*723 (-6)*,63082,"Plate Special 2 x 2 with Towball Socket, Short, Flattened with Holes and 
Axle Hole in Center",2,121
*724 (-87)*,30586,Plate Special 2 x 8 with Door Rail,5,120
*725 (-21)*,60607,Window 1 x 2 x 3 Pane Latticed with Thick Corner Tabs,4,120
*726 (-23)*,11291,Wedge Curved 3 x 4 x 2/3 Cutout,12,120
*727 (+178)*,73507,Technic Beam 1 x 11 Thick with Alternating Holes,2,119
*728 (+140)*,6192,"Brick Curved 2 x 4 No Studs, Curved Top",10,119
*729 (-78)*,27393,Wave / Power Blast Rounded Energy with Bar Handle,7,119
*730 (+9)*,4533,Cupboard 2 x 3 x 2 Door,4,119
*731 (-42)*,69910,Technic Link Tread 7L Wide with Two Pin Holes,1,118
*732 (+450)*,65249,Technic Axle Pin 3L with No Friction Ridges and 2L Axle,2,118
*733 (-100)*,64727,Weapon Spike Flexible 3.5L,7,117
*734 (-63)*,14413,Wedge 4 x 4 Facet,4,117
*735 (+21)*,18759,Slope Inverted 45┬░ 3 x 1 Double with 2 Blocked Open Studs,5,117
*736 (+36)*,38583,Brick Special Arch 1 x 2 Jumper,3,117
*737 (-54)*,60583,"Brick Special 1 x 1 x 3 with 2 Clips Vertical [Solid Stud, Thick U Clips]",6,117
*738 (-8)*,95188,Brick Round Corner 6 x 6 with 33┬░ Slope and Facet Cutout,12,116
*739 (+3)*,24593,Cylinder Half 2 x 4 x 2 with 1 x 2 Cutout,12,116
*740 (+31)*,61072,Plate Special 1 x 4 with Angled Tubes,2,115
*741 (+84)*,67095,Tile Round 3 x 3,10,115
*742 (-49)*,92692,Plate Special 1 x 2 with Angled Handles on Side,5,115
*743 (-178)*,18976,Wheel 18 x 12 with Axle Hole and Stud,6,115
*744 (-20)*,55615,"Technic Pin Connector Hub Perpendicular 3 x 3 Bent with 4 Pins (Pin Ridges 
Along Part)",2,115
*745 (-7)*,57585,Technic Axle Connector Hub with 3 Axles at 120┬░,2,114
*746 (+7)*,47755,"Wheel Arch, Wedge 4 x 3 Open with Cutout and Four Studs",13,114
*747 (+26)*,41748,Wedge Curved 6 x 2 Left,16,114
*748 (-99)*,98139,Weapon Sai,3,113
*749 (+5)*,62361,"Wheel Arch, Mudguard, 1 1/2 x 6 x 1 [Arch Extended]",16,112
*750 (-75)*,2739,Technic Link 1 x 6 without Stoppers,2,112
*751 (+72)*,36451a,Infinity Stone,6,112
*752 (-166)*,6259,Cylinder Half 2 x 4 x 4,9,111
*753 (+66)*,33492,Cone 1 1/2 x 1 1/2 x 2/3,4,110
*754 (-75)*,56890,Tyre 24 x 12 R Balloon,1,110
*755 (+159)*,51239,Window Frame 1 x 3 x 3,5,109
*756 (+13)*,41747,Wedge Curved 6 x 2 Right,16,108
*757 (+5)*,36017,Weapon Sword Hilt with Dragon Head,3,107
*758 (-50)*,43711,Wedge Sloped 4 x 2 Triple Right,11,107
*759 (+9240)*,79987,Plate Special 1 x 3 with 2 Clips on Top,1,107
*760 (-41)*,6233,Cone 3 x 3 x 2,11,107
*761 (-121)*,3685,Slope 75┬░ 2 x 2 x 3 Double Convex,8,107
*762 (+18)*,49283,Wire Clip with Axle Hole,8,107
*763 (-42)*,99784,Bar 1 x 12 with 1 x 2 Plate End with Hollow Studs and 1 x 1 Round Plate End,5,107
*764 (+67)*,53540,"Brick Special 1 x 2 with 2 Pins, Square Pin Holes",5,107
*765 (+18)*,4738a,Treasure Chest Bottom with Rear Slots,6,107
*766 (-6)*,6183,Brick Arch 1 x 6 x 2 Curved Top,10,106
*767 (-87)*,4735,Bar 1 x 3 [Clip / Anti-Stud],2,106
*768 (-34)*,41854,Mudguard 2 x 4 with 2 x 2 Studs and Flared Wings,9,105
*769 (-10)*,4739,Treasure Chest Lid [Thick Hinge],6,105
*770 (+6)*,19121,Fence Ornamented 1 x 4 x 2 with 4 Studs,6,104
*771 (+13)*,3956,Bracket 2 x 2 – 2 x 2,4,104
*772 (+72)*,24093,Book Cover [Plain],6,104
*773 (+12)*,47753,Wedge Curved 4 x 4 No Top Studs,12,103
*774 (+47)*,3228,"Vehicle Track, Train, Slotted Rail Straight",2,103
*775 (-77)*,93594,Wheel 11 x 6 with Smooth Hubcap,2,102
*776 (-41)*,50943,Engine / Air Scoop 2 x 2,5,102
*777 (+169)*,61408,"Technic Beam 3 x 0.5 Liftarm with Boss and Blocked, Squared Pin Hole",4,102
*778 (-47)*,6190,"Bar 1 x 3 (Radio Handle, Phone Handset)",5,101
*779 (-39)*,47847,Rock Panel 2 x 4 x 6,9,101
*780 (+11)*,3837,Equipment Shovel [Round Stem End],4,100
*781 (+114)*,35442,Plate Special 2 x 2 Splat Gear with 6 Teeth,4,100
*782 (+20)*,33051,"Plant, Apple",4,100
*783 (-72)*,30505,Wedge 3 x 3 Cut Corner,3,100
*784 (+28)*,30151b,Brick Round 2 x 2 x 1 2/3 Dome Top [Blocked Open Stud],3,100
*785 (-59)*,6222,Brick Round 4 x 4 with 4 Side Pin Holes and Center Axle Hole,5,99
*786 (+156)*,40066,Panel 1 x 6 x 7 with 2 Columns and Arch,11,99
*787 (+48)*,21229,Fence Spindled 4 x 4 x 2 Quarter Round with 3 Studs,10,99
*788 (+20)*,88704,Equipment Whip – Bent,4,99
*789 (-143)*,15092,Plate 2 x 2 with 2 Pins,1,99
*790 (-80)*,60623,Door 1 x 4 x 6 with 4 Panes and Stud Handle,13,99
*791 (+95)*,51270,"Plant, Pumpkin",3,98
*792 (-133)*,60608,Window 1 x 2 x 3 Pane with Thick Corner Tabs,5,98
*793 (+104)*,35789,"Wheel Arch, Mudguard 2 x 4 x 2",12,96
*794 (-88)*,30355,Wedge Plate 6 x 12 Left,8,96
*795 (-63)*,48170,"Technic Brick Special 2 x 2 with Pin Hole, Rotation Joint Ball Half 
[Horizontal Top]",3,96
*796 (+102)*,35654,Grille Bar 1 x 4 x 1 2/3 Bull Bar,1,95
*797 (+7)*,3852b,Equipment Hairbrush Short Handle [10mm],3,95
*798 (+276)*,42862,Wedge Sloped 45┬░ 3 x 3 Left,8,95
*799 (+274)*,48165,Wedge Sloped 45┬░ 3 x 3 Right,7,94
*800 (-55)*,2926,Plate Special 1 x 4 with Wheels Holder,2,94
*801 (-100)*,30340,Equipment Flotation Ring [Life Preserver],7,94
*802 (-14)*,18920,Equipment Scissors,1,94
*803 (+96)*,25061,"Vehicle Track, Roller Coaster, Curve",13,94
*804 (+187)*,6575,Technic Cam,6,93
*805 (-92)*,30356,Wedge Plate 6 x 12 Right,9,92
*806 (+11)*,32017,Technic Beam 1 x 5 Thin,4,92
*807 (-66)*,89201,"Tyre 24 x 14 Shallow Tread (Tread Small Hub), Band Around Center of Tread",1,92
*808 (-1)*,85543,Rubber Belt Small [15mm ID] [Round Cross Section],1,92
*809 (-114)*,60208,"Wheel 31 x 15 Technic, Pin Hole",8,92
*810 (+42)*,90370,Musical Instrument Microphone [Plain],3,92
*811 (-56)*,57697,Hinge Cylinder 1 x 3 Locking with 1 Finger and Technic Friction Pin,1,92
*812 (-33)*,10187,Weapon Bladed Claw Spread,4,91
*813 (+204)*,66727,Wheel 18 x 12 with Pin Hole and Stud,4,91
*814 (+160)*,65426,Wedge Plate 2 x 4 27┬░ Right,8,91
*815 (-64)*,65098,Technic Pin Double with Axle Hole,2,91
*816 (-94)*,32557,Technic Pin Connector Perpendicular Long,2,91
*817 (+735)*,77765,"Technic Pin Long 3l, No Friction Ridges, with Stop and Hole",1,90
*818 (-15)*,44674,Mudguard 2 x 4 with Molded Headlights,13,90
*819 (+84)*,71709,Technic Panel 3 x 7 x 1,8,90
*820 (+36)*,69858,"Plant / Animal Body Part, Tree / Branch / Tail / Appendage / Tentacle with 
Pin",4,90
*821 (+241)*,31990,Equipment Oar / Paddle End,3,90
*822 (+53)*,3043,Slope 45┬░ 2 x 2 Double,5,90
*823 (-136)*,18948,Technic Driving Ring Connector,1,89
*824 (-10)*,3823,Windscreen 2 x 4 x 2,3,89
*825 (+66)*,39794,Technic Beam Frame 7 x 11,4,89
*826 (-148)*,27256,"Wave / Lightning Angular, Single",7,89
*827 (-220)*,98721,Weapon Batarang,3,89
*828 (-27)*,55976,Tyre 56 x 26 Balloon,1,89
*829 (-65)*,13349,Wedge Sloped Inverted 4 x 4 Triple [4 Connections between Front Studs],8,89
*830 (-24)*,4176,Windscreen 2 x 6 x 2,5,88
*831 (+2)*,24599,Brick Round Corner 5 x 5 x 1 with Bottom Cut Outs [No Studs] [1/4 Arch],12,88
*832 (+29)*,56904,Wheel 30 x 14,6,88
*833 (+125)*,53400,"Vehicle Track, Train, Plastic (RC Trains) Curved",1,88
*834 (+95)*,35470,Plate Special 3 x 5 Cloud with 3 Center Studs,3,88
*835 (-60)*,64448,Support 1 x 6 x 5 Girder Rectangular,10,87
*836 (+15)*,95343,Bucket 1 x 1 x 1,3,87
*837 (-85)*,32198,Technic Gear 20 Tooth Bevel,2,87
*838 (+534)*,71682,Technic Panel Fairing 2 x 3 x 1,10,87
*839 (-13)*,4522,Tool Hammer / Mallet Large,1,87
*840 (+183)*,30987,Cylinder Quarter 2 x 2 x 5 (Wall),8,86
*841 (+63)*,24869,Wheel Roller Coaster,1,86
*842 (+32)*,6564,Wedge 3 x 2 Right,8,86
*843 (-49)*,95199,Weapon Gun / Pistol Two Barrel,2,85
*844 (+1353)*,69755,"Launcher Trigger, Weapon Gun Trigger",1,85
*845 (+254)*,65473,"Brick Round 2 x 2 D. Tube with 45┬░ Elbow and Axle Holes (Crossholes) at 
each end",14,85
*846 (+7)*,98137,"Weapon Sword, Big Blade",6,85
*847 (+63)*,6154,Door Frame 1 x 4 x 4 (Lift),3,84
*848 (+122)*,65429,Wedge Plate 2 x 4 27┬░ Left,8,84
*849 (-105)*,3821,Door 1 x 3 x 1 Right,10,84
*850 (-11)*,15745,Rock – Heart Jewel with Shaft,3,83
*851 (-102)*,32250,Technic Beam 3 x 5 L-Shape with Quarter Ellipse Thin,6,83
*852 (+74)*,60808,Panel 1 x 4 x 5 with Arched Window,9,83
*853 (-42)*,44126,Brick Curved 6 x 2,6,83
*854 (+76)*,4727,"Plant, Flower 2 x 2 Leaves – Angular",1,83
*855 (-14)*,23405,Panel 1 x 6 x 5 [Vertical Corrugated],10,83
*856 (-28)*,50337,Hinge Plate 3 x 4 Locking Dual 2 Finger,4,83
*857 (-75)*,87408,Technic Pin Connector Toggle Joint Smooth Double with Axle and Pin Holes,1,82
*858 (-53)*,87080,"Technic Panel Fairing # 1 Small Smooth Short, Side A",12,82
*859 (-27)*,20309,Window 1 x 4 x 1 2/3 with Spoked Rounded Top,7,82
*860 (+76)*,34173,Equipment Cutlery – Spoon,1,81
*861 (-63)*,6239,Tail Shuttle,13,81
*862 (-135)*,3822,Door 1 x 3 x 1 Left,10,81
*863 (-63)*,3456,Plate 6 x 14,7,81
*864 (-97)*,18854,Headwear Accessory Glasses with Pin,2,81
*865 (+19)*,4151,Plate Special 8 x 8 with Grille [Undetermined Center],4,81
*866 (-74)*,87407,Technic Gear 20 Tooth Bevel with Pin Hole,1,81
*867 (+273)*,38340,Train Wheel RC Train 16.6 x 23,2,80
*868 (+49)*,18838,Brick Arch 1 x 12 x 3 Raised Arch with 5 Cross Supports,10,80
*869 (+8)*,62531,Technic Panel Curved 11 x 3 with 2 Pin Holes through Panel Surface,11,80
*870 (-105)*,32065,Technic Beam 1 x 7 Thin,6,80
*871 (+100)*,35700,Container Box 2 x 2 x 1 [Plain],6,80
*872 (-52)*,6583,Plate Special 1 x 6 with Train Wagon End Fence,5,80
*873 (-92)*,47759,Wedge Sloped 45┬░ 2 x 4 Triple,9,80
*874 (-45)*,87086,"Technic Panel Fairing # 2 Small Smooth Short, Side B",12,80
*875 (+781)*,78444,Wedge Plate 6 x 2 Right,7,79
*876 (-42)*,12885,Equipment Paint Roller Brush Handle Edge On Handle,2,79
*877 (-111)*,93593,Wheel 11 x 6 with 8 Spokes,3,79
*878 (-2)*,18910,Hinge Panel 3 x 4 x 3 Curved,6,78
*879 (-101)*,54671,"Hinge Brick 1 x 2 Locking with 2 Fingers Vertical End, 9 Teeth",3,78
*880 (+29)*,11010,Minifig Ring 1 x 1,1,77
*881 (-182)*,41669,Technic Tooth 1 x 3 with Axle Hole [Rounded Underside],10,77
*882 (-10)*,93595,Wheel 11 x 6 with 8 ‘Y’ Spokes [Plain],1,76
*883 (+333)*,65138,Dish 4 x 4 with 4 Studs,10,76
*884 (-26)*,18944,Technic Panel Curved 3 x 13,10,76
*885 (+9)*,24324,Book Binding with Two Studs,6,76
*886 (-163)*,30526,"Brick Special 1 x 2 with 2 Pins, Round Pin Holes",2,76
*887 (+60)*,49577,"Animal / Plant, Coral / Sea Weed",4,76
*888 (+767)*,78443,Wedge Plate 6 x 2 Left,7,76
*889 (-11)*,6565,Wedge 3 x 2 Left,8,76
*890 (-10)*,54672,"Hinge Brick 1 x 2 Locking with 2 Fingers Horizontal End, 9 Teeth",4,75
*891 (-102)*,18945,Technic Panel 5 x 11 x 1 Tapered,11,75
*892 (+954)*,76797,"Brick Round Corner, Curved 3 x 3 x 1 Quarter Circle",9,75
*893 (-84)*,2815,Technic Wedge Belt Wheel Tire,3,75
*894 (+40)*,64951,Barrel Half Large with Axle Hole,7,75
*895 (-100)*,18974,"Wheel Arch, Mudguard 4 x 2 1/2 x 2 1/3",11,74
*896 (+28)*,92851,Bicycle Wheel with Black Tire,2,74
*897 (+24)*,39613,Plate Angled 3 x 3 with Heart Shape,3,74
*898 (-35)*,29111,"Insect, Spider with Elongated Tail Section",5,74
*899 (-72)*,87421,Panel 3 x 3 x 6 Corner Wall without Bottom Indentations,8,74
*900 (+219)*,71710,Technic Beam 1 x 15 Thick with Alternating Holes,1,74
*901 (-85)*,15413,Tyre 49.53 x 20,1,74
*902 (-65)*,14181,Wedge Plate 4 x 9 with Stud Notches,6,74
*903 (+9096)*,86876,Brick Special 1 x 2 with 1 Center Stud on 1 Side,5,73
*904 (+9)*,6124,Equipment Magic Wand,3,73
*905 (+188)*,32235,"Axle Hose, Soft 19L",5,73
*906 (+29)*,51266,Glass For Frame 1 x 3 x 3,2,73
*907 (-47)*,4083,Bar 1 x 4 x 2 with Studs,4,73
*908 (+14)*,15540,Helicopter Landing Ski 1 x 6 with Pin Hole,4,73
*909 (-45)*,54661,"Hinge Brick 1 x 4 Locking with 1 Finger Vertical End and 2 Fingers Vertical 
End",7,72
*910 (+246)*,65092,Plate Special 8-Sided Crystal/Gem 1 x 1 x 2/3,2,72
*911 (+16)*,4161,Slope 33┬░ 3 x 3,3,72
*912 (-76)*,44224,Technic Rotation Joint Disk with Pin Hole and 3L Beam Thick,1,72
*913 (-59)*,30093,"Plant, Sea Grass",4,72
*914 (-69)*,44809,Technic Pin Connector Perpendicular 2 x 2 Bent,4,72
*915 (-69)*,15362,Large Figure Limb Cover / Claw / Spike Large with Axle Hole,10,72
*916 (-78)*,30361,Brick Round 2 x 2 x 2 Robot Body – without Bottom Axle Holder,8,72
*917 (-62)*,24947,Brick Round 2 x 2 x 1 1/3 Inverted,8,72
*918 (-37)*,2340,Tail 4 x 1 x 3,7,71
*919 (+188)*,35186,Technic Driving Ring Extension 8 Tooth,3,71
*920 (-123)*,6249,Brick Special 2 x 4 with Pins,2,71
*921 (-36)*,25386,Food Hot Dog Bun,3,71
*922 (-197)*,64867,Wedge 4 x 4 Fractured Polygon Top,5,70
*923 (-133)*,30385,Rock 1 x 1 Crystal 5 Point,9,70
*924 (-94)*,30395,Hook with Towball,1,70
*925 (-23)*,64683,"Technic Panel Fairing # 3 Small Smooth Long, Side A",11,70
*926 (-77)*,14226c11,String with End Studs 11L Overall,1,70
*927 (-109)*,43712,Wedge Curved 6 x 4 Triple,12,70
*928 (-167)*,11954,Technic Panel Curved 11 x 3 with 10 Pin Holes through Panel Surface,7,70
*929 (-21)*,64391,"Technic Panel Fairing # 4 Small Smooth Long, Side B",11,69
*930 (+24)*,30134,Stairs 7 x 4 x 6 Straight Open,5,69
*931 (+18)*,15469,Plate Round 2 x 2 x 2/3 with + Axle Hole and 4 Leaf Extensions,6,69
*932 (-146)*,54662,"Hinge Cylinder 1 x 3 Locking with 1 Finger and 2 Fingers On Ends, with Hole",3,69
*933 (-37)*,76537,Technic Shock Absorber 6.5L with Hard Spring [Complete Assembly],2,69
*934 (-91)*,2415,"Wheel Holder 2 x 2 Thin with Clips, Plane Single",1,69
*935 (-23)*,32125,Technic Plate Rotor 3 Blade with Smooth Ends and 6 Studs (Propeller),3,68
*936 (+24)*,3299,Slope 33┬░ 2 x 4 Double,5,68
*937 (+28)*,35443,Plate Special 4 x 4 Splat Gear with 10 Teeth,4,68
*938 (+9061)*,80015,Plate Round 5 x 5 Macaroni,9,68
*939 (-77)*,61800,"Large Figure Wing, Small",7,67
*940 (-74)*,92107,Plate Special 6 x 8 Trap Door Frame Horizontal [Long Pin Holders],7,67
*941 (+4)*,6148,"Plant, Palm Leaf Small",3,67
*942 (-129)*,3464,Wheel Centre Small with Stub Axles (Pulley Wheel),2,66
*943 (-103)*,41531,"Technic Cylinder 4 x 4 with Pin Holes and Centre Bar, Closed Sides on Bar",7,66
*944 (-74)*,22391,Wedge Sloped 4 x 4 Pointed,6,65
*945 (-14)*,42876,Food Turkey Drumstick [Short] – 20 mm Opening,1,65
*946 (-6)*,72869,Bar Holder with Clip and 90┬░ Angle (Mechanical Leg),3,65
*947 (-151)*,92585,Tool Crowbar,4,65
*948 (+70)*,87693,Headwear Accessory Plume / Feather Small with Pin,4,64
*949 (-66)*,62360,Windscreen 3 x 6 x 1 Curved with Rectangular Stud Holder in Bottom,14,64
*950 (+90)*,11455,Technic Pin Connector Perpendicular 2 x 4 Bent – Beam with 90 Hole ├ÿ 4.8,2,64
*951 (-61)*,93789,Weapon Pike / Spear Flat End,5,64
*952 (+130)*,41767,Wedge 4 x 2 Right,7,64
*953 (+145)*,53401,"Vehicle Track, Train, Plastic (RC Trains) Straight",1,64
*954 (+860)*,77808,Brick Special 1 x 2 Rounded with Center Bars,4,64
*955 (-36)*,18034,Weapon Sword with Thick Crossguard (Roman Gladius),3,63
*956 (-87)*,32529,Technic Pin Connector Plate with One Hole (Single on Bottom),1,63
*957 (+244)*,66857,Tile Round 2 x 4,9,63
*958 (-30)*,50956,Wedge Curved 10 x 3 Right,12,63
*959 (-4)*,33322,Headwear Accessory Crown / Tiara,4,63
*960 (-27)*,92220,"Large Figure Weapon Claw, with Clip",4,63
*961 (-90)*,2486,Bar 1 x 8 x 2,4,62
*962 (-9)*,3943,Cone 4 x 4 x 2 with Axle Hole [Plain],8,62
*963 (-75)*,74698,Tile Round 2 x 2 – Thick Lifting Ring,1,62
*964 (+44)*,78594,Panel 2 x 2 x 5 Corner,2,62
*965 (+9034)*,79757,Brick Curved 2 x 2 x 2/3 Corner Double Curved Top No Studs,4,62
*966 (+76)*,24314,"Wheel Wheelchair with Fixed Black Hard Rubber Tire, with Clip Hole",2,62
*967 (-52)*,6256,Equipment Dish / Plate / Bowl 3 x 3 [Plain],7,62
*968 (-101)*,57520,Technic Tread Sprocket Wheel Small,3,62
*969 (+36)*,30043,Plate Special 1 x 4 with Arm Down,2,62
*970 (-59)*,92842,Propeller 3 Blades 5 Diameter,2,61
*971 (-33)*,50955,Wedge Curved 10 x 3 Left,12,61
*972 (+139)*,44709,Weapon Gun with Studs on Side,5,61
*973 (-12)*,4489,"Wheel Wagon Large (33mm D.), hole notched for wheels holder pin",4,61
*974 (-74)*,2854,Technic Engine Crankshaft Center,1,61
*975 (+35)*,15445,Weapon Gun Automatic Pistol with Top Clip,2,61
*976 (-87)*,93571,"Technic Axle Connector 2 x 3 with Ball Socket, Open Lower Axle Holes",3,60
*977 (+22)*,4515,Slope 10┬░ 6 x 8,7,60
*978 (-215)*,42446,Minifig Neckwear Bracket [One Stud],6,60
*979 (+214)*,65635,Wheel Bearing 2 x 6 x 1 1/3 with Axle Holes and 2 x 4 Cutout,1,59
*980 (-48)*,28588,"Animal, Snake Head with Open Mouth, Fangs and Curved Neck with Bar",5,59
*981 (+21)*,90202,Technic Pin Connector Round with 4 Clips,2,59
*982 (+255)*,72206,Wheel Rim 24 x 12 with Black Tyre,2,59
*983 (+304)*,71771,Slope Curved 5 x 8 x 2/3 with No Studs on Top,2,59
*984 (-28)*,23986,Equipment Teapot,3,59
*985 (-93)*,87585,Equipment Oar / Paddle [Reinforced],3,59
*986 (+142)*,35485,Weapon Chakram / Hoop Blade,4,59
*987 (-163)*,44225,Technic Rotation Joint Disk with Pin and 3L Beam Thick,2,58
*988 (+155)*,66955,Slope Curved 1 x 4 with 3 Layers,7,58
*989 (-73)*,15460,"Technic Steering Gear with 3 Ball Joints, Compact",1,58
*990 (-15)*,3836,Equipment Brush / Pushbroom,1,58
*991 (-176)*,50949,"Grille with 1 x 2 Plate, Racers Car",4,58
*992 (-55)*,3300,Slope 33┬░ 2 x 2 Double,5,58
*993 (-73)*,60599,Door Frame 2 x 4 x 6,5,58
*994 (-236)*,74261,"Large Figure Skeletal, Joint Extender [High Friction]",1,58
*995 (-23)*,33121,"Animal, Crab",3,57
*996 (-131)*,29109,Weapon Sword / Machete,3,57
*997 (+138)*,32739,Slope 4 x 6 x 2/3 Double,7,57
*998 (-20)*,13608,Weapon Gun Ray / Sci Fi – Rounded Heat Diffusers,4,57
*999 (+574)*,42205,Door Frame 1 x 6 x 6,4,57
*1000 (-93)*,48933,"Wedge Sloped 4 x 4 Triple, Stud Notches",9,57
*1001 (+70)*,41768,Wedge 4 x 2 Left,6,57
*1002 (-155)*,88393,Brick Special 1 x 2 x 5 with Groove,4,57
*1003 (+8996)*,1748,Tile Round 1 x 2 Half Circle,4,57
*1004 (+12)*,27262,Windscreen 6 x 4 x 1 Hexagonal with Handle,12,57
*1005 (+825)*,78257,Plate Special 1 x 1 with Handle on 2 Ends,4,57